department,candidate_legal_name,ein,city,ntee_code,ruling_date,latest_form_type,latest_total_revenue,source,match_score,flag
Broad Channel VFD & Ambulance Corp.,BROAD CHANNEL VOLUNTEERS INC,112557794,Broad Channel,M23Z,1998-01-01,990,326721,irs_eo_bmf_ny+propublica_search,1.0,
Broad Channel VFD & Ambulance Corp.,Broad Channel Athletic Club Inc,112581922,Far Rockaway,O20,1983-08-01,990-EZ,179931,propublica_search,1.0,
Broad Channel VFD & Ambulance Corp.,Anyone Can Foundation Corp,393345972,Broad Channel,P51,2025-07-01,,,propublica_search,0.5339,
Broad Channel VFD & Ambulance Corp.,BREWERTON VOLUNTEER FIRE DEPARTMENT AMBULANCE INC,161422817,Brewerton,M24,2009-03-01,990,756179,irs_eo_bmf_ny,0.5292,
Broad Channel VFD & Ambulance Corp.,Ryan Rudden Foundation,991019959,Broad Channel,T01,2024-02-01,,,propublica_search,0.4397,
Broad Channel VFD & Ambulance Corp.,Department Of New York Vfw Auxiliary,510643364,Broad Channel,W30,2009-09-01,,,propublica_search,0.4333,likely_non_operating:AUXILIARY
Broad Channel VFD & Ambulance Corp.,Anabas Boat Club Inc,20605141,Broad Channel,N50,2004-11-01,,,propublica_search,0.4268,
Broad Channel VFD & Ambulance Corp.,Iroquois Yacht Club Inc,112472891,Broad Channel,N67,2013-09-01,990-EZ,17842,propublica_search,0.4178,
Broad Channel VFD & Ambulance Corp.,Zions Mission Animal Rescue Inc,843185889,Broad Channel,D20,2019-10-01,990,284497,propublica_search,0.4142,
Broad Channel VFD & Ambulance Corp.,Jamaica Bay Ecowatchers Inc,465171452,Broad Channel,C32,2014-09-01,,,propublica_search,0.4071,
Broad Channel VFD & Ambulance Corp.,Vfw Post 260 Auxilairy,371895134,Broad Channel,W30,2019-11-01,990-EZ,-2328,propublica_search,0.4017,
Broad Channel VFD & Ambulance Corp.,Anabas Restoration Corp,393717012,Broad Channel,A80,2026-01-01,,,propublica_search,0.3992,
Broad Channel VFD & Ambulance Corp.,American Legion,43724612,Broad Channel,,1946-03-01,990-EZ,36915,propublica_search,0.3964,
Broad Channel VFD & Ambulance Corp.,American Legion,112981082,Broad Channel,,1946-03-01,,,propublica_search,0.3964,
Broad Channel VFD & Ambulance Corp.,SAG HARBOR VOLUNTEER AMBULANCE CORPS,112668572,Sag Harbor,M24,2000-08-01,990,260085,irs_eo_bmf_ny,0.3924,
Broad Channel VFD & Ambulance Corp.,New Yorkers For Autistic Communities Foundation Inc,331738580,Broad Channel,G84,2024-12-01,,,propublica_search,0.3891,
Broad Channel VFD & Ambulance Corp.,CORONA COMMUNITY AMBULANCE CORPS INC,113214382,Corona,M24,2003-12-01,990,8957,irs_eo_bmf_ny,0.3851,
Broad Channel VFD & Ambulance Corp.,No Apologies For Autism Limited,331446898,Broad Channel,J20,2024-10-01,,,propublica_search,0.3813,
Broad Channel VFD & Ambulance Corp.,OCEANSIDE FIRE DEPARTMENT CORP,260206258,Oceanside,M24,2009-09-01,990-EZ,106324,irs_eo_bmf_ny,0.3752,
Broad Channel VFD & Ambulance Corp.,TOWN OF HANCOCK VOLUNTEER AMBULANCE CORPS INC,472769595,Hancock,M24,2015-11-01,990,786704,irs_eo_bmf_ny,0.3686,
Broad Channel VFD & Ambulance Corp.,BROOKHAVEN FIRE DEPARTMENT INC,112382031,Brookhaven,M24,2008-02-01,990,63044,irs_eo_bmf_ny,0.3548,
Broad Channel VFD & Ambulance Corp.,W P FAIST VOLUNTEER AMBULANCE CORP,133354793,Chestnut Rdg,M24,1977-06-01,990,1519397,irs_eo_bmf_ny,0.3548,
Edgewater Park Volunteer Hose Co. #1,EDGEWATER PARK SOCIAL AND WELFARE ASSOCIATION INC,812933100,Bronx,P60,2016-07-01,990-EZ,0,irs_eo_bmf_ny+propublica_search,1.0,
Edgewater Park Volunteer Hose Co. #1,EDGEWATER PARK VOLUNTEER HOSE CO NO 1 INC,136125044,Bronx,M24,2015-03-01,990-EZ,470054,irs_eo_bmf_ny+propublica_search,1.0,
Edgewater Park Volunteer Hose Co. #1,WILLING VOLUNTEER HOSE CO 1,166035145,Wellsville,M24,2014-07-01,990-EZ,0,irs_eo_bmf_ny,0.6037,
Edgewater Park Volunteer Hose Co. #1,KINGSBURY VOLUNTEER HOSE CO 1 INC,141702924,Hudson Falls,M24,2026-03-01,990,471140,irs_eo_bmf_ny,0.5862,
Edgewater Park Volunteer Hose Co. #1,EAGLE BAY VOLUNTEER HOSE COMPANY INC,222543836,Eagle Bay,M24,2009-02-01,990-EZ,90387,irs_eo_bmf_ny,0.5178,
Edgewater Park Volunteer Hose Co. #1,DOYLE VOLUNTEER HOSE COMPANY,161129165,Buffalo,M24,2022-09-01,990,128931,irs_eo_bmf_ny,0.5167,
Edgewater Park Volunteer Hose Co. #1,WILLING VOLUNTEER HOSE CO NO 1 AUXILIARY,471506669,Wellsville,M11,2015-03-01,,0,irs_eo_bmf_ny,0.505,likely_non_operating:AUXILIARY
Edgewater Park Volunteer Hose Co. #1,VOLUNTEER HOSE CO 2 INC,133850155,W Haverstraw,M23,2023-04-01,,0,irs_eo_bmf_ny,0.4974,
Edgewater Park Volunteer Hose Co. #1,SHERIDAN PARK VOLUNTEER FIRE CO INC,166073260,Tonawanda,,1967-12-01,990,363447,irs_eo_bmf_ny,0.4952,
Edgewater Park Volunteer Hose Co. #1,EDEN VOLUNTEER FIRE COMPANY 1 INC,166038935,Eden,M24,2009-06-01,990-EZ,145603,irs_eo_bmf_ny,0.4834,
Edgewater Park Volunteer Hose Co. #1,WEST VALLEY VOLUNTEER HOSE COMPANY INC,161277223,West Valley,M24,2019-04-01,990,152686,irs_eo_bmf_ny,0.4733,
Edgewater Park Volunteer Hose Co. #1,RESCUE VOLUNTEER HOSE COMPANY NO 1 OF CHEEKTOWAGA NY,166215032,Depew,M24,2025-08-01,,0,irs_eo_bmf_ny,0.4675,
Gerritsen Beach VFD,GERRITSEN BEACH CARES,113399328,Brooklyn,C50,2000-04-01,990-EZ,5082,irs_eo_bmf_ny+propublica_search,1.0,
Gerritsen Beach VFD,Gerritsen Beach Youth Organization Inc,474755039,Brooklyn,N65,2018-09-01,,,propublica_search,1.0,
Gerritsen Beach VFD,GERRITTSEN BEACH FIRE VOLUNTEERS INC,116076710,Brooklyn,M24Z,1991-05-01,990,593694,irs_eo_bmf_ny+propublica_search,0.665,
Gerritsen Beach VFD,SOUND BEACH FIRE DEPARTMENT INC,562536934,Sound Beach,M24,2013-12-01,,0,irs_eo_bmf_ny,0.5724,
Gerritsen Beach VFD,SYLVAN BEACH VOLUNTEER FIRE DEPT INC,800932175,Sylvan Beach,M24,2026-03-01,,,irs_eo_bmf_ny,0.5635,
Gerritsen Beach VFD,CRYSTAL BEACH VOLUNTEER FIRE DEPARTMENT INC,161379698,Canandaigua,M24,2007-03-01,990,247476,irs_eo_bmf_ny,0.555,
Gerritsen Beach VFD,WESTHAMPTON BEACH FIRE DEPARTMENT INC,030538277,W Hampton Bch,M24,2005-05-01,990,455931,irs_eo_bmf_ny,0.55,
Gerritsen Beach VFD,MASTIC BEACH FIRE DEPARTMENT INCORPORATED,113316963,Mastic Beach,M24,2008-10-01,990,44296,irs_eo_bmf_ny,0.5353,
Gerritsen Beach VFD,RESILIENT RED HOOK LTD,810714759,Brooklyn,X20,2018-09-01,990-EZ,0,irs_eo_bmf_ny,0.4915,
Gerritsen Beach VFD,FIRE DEPARTMENT OF OCEAN BEACH INC,270488746,Ocean Beach,M24,2010-05-01,990,144469,irs_eo_bmf_ny,0.4665,
Gerritsen Beach VFD,ISLAMIC SOCIETY OF FIRE DEPARTMENT PERSONNEL INC,113416018,Brooklyn,,1983-04-01,,,irs_eo_bmf_ny,0.465,
Gerritsen Beach VFD,RED HOOK RISE INC,311770090,Brooklyn,P30,2004-04-01,,0,irs_eo_bmf_ny,0.4639,
Gerritsen Beach VFD,FRIENDS OF CHOSEN YESHIAS INC,833070873,Brooklyn,X12,2019-07-01,990,1191177,irs_eo_bmf_ny,0.4563,
Gerritsen Beach VFD,Little League Baseball Inc,113101957,Brooklyn,,1967-01-01,,,propublica_search,0.3967,
Point Breeze VFD,POINT BREEZE ASSOCIATION INC,111194907,Breezy Point,L50,2025-08-01,,0,irs_eo_bmf_ny+propublica_search,1.0,
Point Breeze VFD,POINT BREEZE VOLUNTEER FIRE DEPT INC,112452399,Breezy Point,M24Z,1979-06-01,990,518670,irs_eo_bmf_ny+propublica_search,1.0,
Point Breeze VFD,BLUE POINT FIRE DEPARTMENT,412220328,Blue Point,M24,2014-05-01,990,101195,irs_eo_bmf_ny,0.555,
Point Breeze VFD,SODUS POINT FIRE DEPARTMENT,161097234,Sodus Point,M24,2004-02-01,,0,irs_eo_bmf_ny,0.5444,
Point Breeze VFD,Breezy Point Historical Society Of New York,474522637,Rockaway Point,A80,2016-03-01,,,propublica_search,0.5114,
Point Breeze VFD,ROCKAWAY POINT VOLUNTEER EMERGENCY SERVICES INC,112665405,Breezy Point,,1985-02-01,990-EZ,206429,irs_eo_bmf_ny+propublica_search,0.5063,
Point Breeze VFD,ROCKAWAY POINT VOLUNTEER AMBULANCE AND RESCUE CORPS INC,832700498,Breezy Point,M24,2019-10-01,990-EZ,108870,irs_eo_bmf_ny+propublica_search,0.4767,
Point Breeze VFD,NORTH GREECE FIRE DEPT,161141608,Rochester,M24,2001-01-01,990,141927,irs_eo_bmf_ny,0.4681,
Point Breeze VFD,PORT EWEN FIRE DEPT INC,141782928,Port Ewen,M24,2016-03-01,990-EZ,28734,irs_eo_bmf_ny,0.4233,
Point Breeze VFD,GOLDENS BRIDGE FIRE DEPARTMENT,202663298,Goldens Brg,M24,2011-08-01,990-EZ,72150,irs_eo_bmf_ny,0.4135,
Point Breeze VFD,MONTEZUMA VOLUNTEER FIRE DEPARTMENT INC,831111959,Stafford,M24,2022-10-01,,0,irs_eo_bmf_ny,0.4125,
Point Breeze VFD,VOORHEESVILLE VOLUNTEER FIRE DEPARTMENT,126002483,Voorheesville,M24,2006-02-01,,,irs_eo_bmf_ny,0.4125,
Point Breeze VFD,SPRING LAKE FIRE DEPARTMENT,141746112,Kingston,M24,2010-03-01,,0,irs_eo_bmf_ny,0.4094,
Point Breeze VFD,Knights Of St Patrick Inc,133477383,Breezy Point,A110,1988-11-01,990,327958,propublica_search,0.3305,
Point Breeze VFD,American Legion,900501236,Breezy Point,W30,1946-03-01,,,propublica_search,0.321,
Point Breeze VFD,Breezy Point Disaster Relief Fund Inc,461331625,Harrison,M20,2012-11-01,990-EZ,346,propublica_search,0.3133,likely_non_operating:RELIEF
Richmond Engine Co. #1,RICHMOND ENGINE CO NO 1,132943389,Staten Island,M24,2000-04-01,,0,irs_eo_bmf_ny+propublica_search,1.0,
Richmond Engine Co. #1,MILTON ENGINE CO 1,141766949,Milton,M24,2014-10-01,,0,irs_eo_bmf_ny,0.6592,
Richmond Engine Co. #1,HOPE ENGINE COMPANY 1,133187228,White Plains,M24,2013-05-01,990,118478,irs_eo_bmf_ny,0.6528,
Richmond Engine Co. #1,HARRIMAN ENGINE CO NO 1 INC,133048426,Harriman,M20,1999-03-01,990,93926,irs_eo_bmf_ny,0.5995,
Richmond Engine Co. #1,OCEANIC HOOK & LADDER CO NO 1 INC,465288351,Staten Island,M24,2015-05-01,,0,irs_eo_bmf_ny,0.585,
Richmond Engine Co. #1,BUCHANAN ENGINE COMPANY NO 1 INC,133158002,Buchanan,M24Z,1995-04-01,990,322536,irs_eo_bmf_ny,0.5761,
Richmond Engine Co. #1,RUTGERS ENGINE COMPANY 1 INC,061383146,Johnson,M24,1995-01-01,990,280982,irs_eo_bmf_ny,0.5576,
Richmond Engine Co. #1,MAYBROOK ENGINE COMPANY NO 1 INC,141740169,Maybrook,M24,2022-07-01,990-EZ,31300,irs_eo_bmf_ny,0.5527,
Richmond Engine Co. #1,NORTH HIGHLANDS ENGINE CO 1 INC,455117501,Cold Spring,M24,2012-08-01,,0,irs_eo_bmf_ny,0.5467,
Richmond Engine Co. #1,OTTERKILL ENGINE COMPANY NO 1 INC,901498905,Campbell Hall,M24,2019-11-01,,0,irs_eo_bmf_ny,0.5458,
Richmond Engine Co. #1,RICHMOND FIRE DEPT INC,161520144,Honeoye,M24,2026-04-01,990,104830,irs_eo_bmf_ny,0.5403,
Richmond Engine Co. #1,DAN LEGHORN ENGINE CO 1,141725127,Newburgh,M24,2012-10-01,990,127960,irs_eo_bmf_ny,0.5381,
Rockaway Point VFD,ROCKAWAY POINT ASSOCIATION INC,111619140,Rockaway Park,S20,2019-05-01,990-EZ,72091,irs_eo_bmf_ny+propublica_search,1.0,
Rockaway Point VFD,ROCKAWAY POINT VOLUNTEER AMBULANCE AND RESCUE CORPS INC,832700498,Breezy Point,M24,2019-10-01,990-EZ,108870,irs_eo_bmf_ny+propublica_search,1.0,
Rockaway Point VFD,ROCKAWAY POINT VOLUNTEER EMERGENCY SERVICES INC,112665405,Breezy Point,,1985-02-01,990-EZ,206429,irs_eo_bmf_ny+propublica_search,1.0,
Rockaway Point VFD,ROCKAWAY POINT YACHT CLUB INC,113047094,Rockaway Park,,1991-04-01,990-EZ,111148,irs_eo_bmf_ny+propublica_search,1.0,
Rockaway Point VFD,EAST ROCKAWAY FIRE DEPARTMENT,264658838,East Rockaway,M24,2011-03-01,990,119910,irs_eo_bmf_ny,0.8021,
Rockaway Point VFD,POINT BREEZE VOLUNTEER FIRE DEPT INC,112452399,Breezy Point,M24Z,1979-06-01,990,518670,irs_eo_bmf_ny,0.7355,
Rockaway Point VFD,SODUS POINT FIRE DEPARTMENT,161097234,Sodus Point,M24,2004-02-01,,0,irs_eo_bmf_ny,0.5917,
Rockaway Point VFD,BLUE POINT FIRE DEPARTMENT,412220328,Blue Point,M24,2014-05-01,990,101195,irs_eo_bmf_ny,0.5687,
Rockaway Point VFD,Breezy Point Historical Society Of New York,474522637,Rockaway Point,A80,2016-03-01,,,propublica_search,0.5053,
Rockaway Point VFD,POINT BREEZE ASSOCIATION INC,111194907,Breezy Point,L50,2025-08-01,,0,irs_eo_bmf_ny,0.4835,
Rockaway Point VFD,BAYPORT FIRE DEPARTMENT,113015557,Bayport,M24,2004-01-01,990,382375,irs_eo_bmf_ny,0.4539,
Rockaway Point VFD,ROCKY POINT VOLUNTEER FIREMANS BENEVOLENT ASSOCIATION,237378582,Rocky Point,M24I,2018-01-01,990,142468,irs_eo_bmf_ny,0.4232,likely_non_operating:BENEVOLENT
Rockaway Point VFD,WANTAGH FIRE DEPARTMENT,274395261,Wantagh,M24,2012-01-01,990,249513,irs_eo_bmf_ny,0.4159,
Rockaway Point VFD,Ancient Order Of Hibernians In America,824532339,Rockaway Point,,1945-05-01,,,propublica_search,0.3679,
Roxbury VFD,Kirkside Of Roxbury,222360234,Roxbury,L22Z,1982-01-01,990-EZ,12607,propublica_search,1.0,
Roxbury VFD,Roxbury Arts Group Inc,141605368,Roxbury,A200,1982-07-01,990,490212,propublica_search,1.0,
Roxbury VFD,Roxbury Cemetery Association,150434095,Roxbury,,1942-12-01,,,propublica_search,1.0,
Roxbury VFD,Roxbury Library,237339644,Roxbury,,1974-01-01,990-EZ,84794,propublica_search,1.0,
Roxbury VFD,ROXBURY VOLUNTEER EMERGENCY SERVICES INC,113084367,Rockaway Pt,E62Z,1996-11-01,990-EZ,0,irs_eo_bmf_ny+propublica_search,0.95,
Roxbury VFD,POINT BREEZE VOLUNTEER FIRE DEPT INC,112452399,Breezy Point,M24Z,1979-06-01,990,518670,irs_eo_bmf_ny,0.5399,
Roxbury VFD,AURORA VOLUNTEER FIRE DEPARTMENT,161389667,Aurora,M24,2002-10-01,990-EZ,79933,irs_eo_bmf_ny,0.5167,
Roxbury VFD,VARYSBURG FIRE DEPARTMENT,222519172,Varysburg,M24,2016-07-01,990,48341,irs_eo_bmf_ny,0.5167,
Roxbury VFD,HILLBURN VOLUNTEER FIRE DEPARTMENT,133570710,Hillburn,,0000-00-01,990-EZ,0,irs_eo_bmf_ny,0.4848,
Roxbury VFD,RUBY FIRE DEPARTMENT INC,237303428,Ruby,,1974-08-01,990-EZ,0,irs_eo_bmf_ny,0.4848,
Roxbury VFD,FLOYD VOLUNTEER FIRE DEPARTMENT,800647334,Rome,M24,2013-09-01,990-EZ,220299,irs_eo_bmf_ny,0.48,
Roxbury VFD,NARROWSBURG FIRE DEPARTMENT INC,320353959,Narrowsburg,M24,2014-11-01,990,102951,irs_eo_bmf_ny,0.48,
Roxbury VFD,GERRY VOLUNTEER FIRE DEPT INC,166053114,Gerry,M24,1953-07-01,990,274975,irs_eo_bmf_ny,0.4708,
Roxbury VFD,LEROY FIRE DEPARTMENT INC,161504764,Leroy,M24,2011-10-01,,0,irs_eo_bmf_ny,0.4708,
Roxbury VFD,QUOGUE FIRE DEPARTMENT,116261783,Quogue,,1994-04-01,990,301748,irs_eo_bmf_ny,0.4643,
Roxbury VFD,SALISBURY FIRE DEPARTMENT INC,112417304,Salisbury Ctr,M24,2011-12-01,990-EZ,0,irs_eo_bmf_ny,0.4643,
West Hamilton Beach VFD,WEST HAMILTON BEACH VOLUNTEERS INC,112741267,Howard Beach,M24,2020-01-01,990,126140,irs_eo_bmf_ny+propublica_search,1.0,
West Hamilton Beach VFD,THE NEW HAMILTON BEACH CIVIC ASSOCIATION INC,830377515,Howard Beach,,2018-02-01,,0,irs_eo_bmf_ny,0.6955,
West Hamilton Beach VFD,WESTHAMPTON BEACH FIRE DEPARTMENT INC,030538277,W Hampton Bch,M24,2005-05-01,990,455931,irs_eo_bmf_ny,0.6383,
West Hamilton Beach VFD,WEST CHARLTON VOLUNTEER FIRE DEPARTMENT INC,851278103,West Charlton,M12,2021-01-01,,0,irs_eo_bmf_ny,0.555,
West Hamilton Beach VFD,CRYSTAL BEACH VOLUNTEER FIRE DEPARTMENT INC,161379698,Canandaigua,M24,2007-03-01,990,247476,irs_eo_bmf_ny,0.53,
West Hamilton Beach VFD,SOUND BEACH FIRE DEPARTMENT INC,562536934,Sound Beach,M24,2013-12-01,,0,irs_eo_bmf_ny,0.5205,
West Hamilton Beach VFD,WEST MONROE VOLUNTEER FIRE DEPARTMENT INC,161098043,West Monroe,M24Z,1979-02-01,990,275675,irs_eo_bmf_ny,0.5205,
West Hamilton Beach VFD,MASTIC BEACH FIRE DEPARTMENT INCORPORATED,113316963,Mastic Beach,M24,2008-10-01,990,44296,irs_eo_bmf_ny,0.5126,
West Hamilton Beach VFD,SYLVAN BEACH VOLUNTEER FIRE DEPT INC,800932175,Sylvan Beach,M24,2026-03-01,,,irs_eo_bmf_ny,0.5126,
West Hamilton Beach VFD,WEST WALWORTH VOLUNTEER FIRE DEPARTMENT INC,901069260,Macedon,M24,2014-09-01,990,350891,irs_eo_bmf_ny,0.505,
West Hamilton Beach VFD,WEST ELMIRA VOLUNTEER FIRE DEPT INC,160987025,Elmira,,1972-04-01,990,820251,irs_eo_bmf_ny,0.4943,
West Hamilton Beach VFD,WEST HURLEY FIRE DEPARTMENT INC,881845142,West Hurley,M24,2022-05-01,,0,irs_eo_bmf_ny,0.4943,
