department,file,source_url,source_type,width,height,format
Broad Channel VFD & Ambulance Corp.,images/logos/_candidates/broad-channel/logo-img.png,https://broadchannelvfd.org/wp-content/uploads/2022/02/Broad-Channel-patch.png,logo-img,598,526,png
Broad Channel VFD & Ambulance Corp.,images/logos/_candidates/broad-channel/logo-img-2.png,https://broadchannelvfd.org/wp-content/uploads/2022/02/Broad-Channel_Patch_4x3-300x175.png,logo-img,300,175,png
Broad Channel VFD & Ambulance Corp.,images/logos/_candidates/broad-channel/logo-img-3.png,https://broadchannelvfd.org/wp-content/uploads/2024/01/VFANYC-logo-hi-res-2-300x281.png,logo-img,300,281,png
Broad Channel VFD & Ambulance Corp.,images/logos/_candidates/broad-channel/logo-img-4.png,https://broadchannelvfd.org/wp-content/plugins/respondermax-runtime-logo/respondermax-logo.png,logo-img,228,48,png
Broad Channel VFD & Ambulance Corp.,images/logos/_candidates/broad-channel/og-image.png,https://broadchannelvfd.org/wp-content/uploads/2024/03/Screenshot_2020-09-15-12-07-292_Signature.png,og-image,1068,717,png
Broad Channel VFD & Ambulance Corp.,images/logos/_candidates/broad-channel/favicon.png,https://broadchannelvfd.org/wp-content/uploads/2022/02/BroadChannel_Favicon-150x150.png,favicon,150,150,png
Broad Channel VFD & Ambulance Corp.,images/logos/_candidates/broad-channel/favicon-2.png,https://broadchannelvfd.org/wp-content/uploads/2022/02/BroadChannel_Favicon-300x300.png,favicon,300,300,png
Broad Channel VFD & Ambulance Corp.,images/logos/_candidates/broad-channel/header-svg-1.svg,https://broadchannelvfd.org/#svg:0b42a901d02b,header-svg-1,512,512,svg
Broad Channel VFD & Ambulance Corp.,images/logos/_candidates/broad-channel/header-svg-2.svg,https://broadchannelvfd.org/#svg:eef3ac6ee9e0,header-svg-2,320,512,svg
Broad Channel VFD & Ambulance Corp.,images/logos/_candidates/broad-channel/header-svg-3.svg,https://broadchannelvfd.org/#svg:a86dbe44082e,header-svg-3,448,512,svg
Broad Channel VFD & Ambulance Corp.,images/logos/_candidates/broad-channel/header-svg-4.svg,https://broadchannelvfd.org/#svg:447747a69cc8,header-svg-4,1000,1000,svg
Broad Channel VFD & Ambulance Corp.,images/logos/_candidates/broad-channel/header-svg-5.svg,https://broadchannelvfd.org/#svg:88c278974a7f,header-svg-5,1000,1000,svg
Edgewater Park Volunteer Hose Co. #1,images/logos/_candidates/edgewater-park/logo-img.png,https://vfanyc.org/wp-content/uploads/2022/02/VFANYC-logo-hi-res-2-300x281.png,logo-img,300,281,png
Edgewater Park Volunteer Hose Co. #1,images/logos/_candidates/edgewater-park/logo-img-2.png,https://vfanyc.org/wp-content/uploads/2022/09/Edgewater-Park-patch-232x300.png,logo-img,232,300,png
Edgewater Park Volunteer Hose Co. #1,images/logos/_candidates/edgewater-park/logo-img-3.png,https://vfanyc.org/wp-content/plugins/respondermax-runtime-logo/respondermax-logo.png,logo-img,228,48,png
Edgewater Park Volunteer Hose Co. #1,images/logos/_candidates/edgewater-park/og-image.png,https://vfanyc.org/wp-content/uploads/2022/08/Engine2.png,og-image,590,296,png
Edgewater Park Volunteer Hose Co. #1,images/logos/_candidates/edgewater-park/favicon.png,https://vfanyc.org/wp-content/uploads/2022/02/VFANYC_favicon-150x150.png,favicon,150,150,png
Edgewater Park Volunteer Hose Co. #1,images/logos/_candidates/edgewater-park/favicon-2.png,https://vfanyc.org/wp-content/uploads/2022/02/VFANYC_favicon-300x300.png,favicon,300,300,png
Gerritsen Beach VFD,images/logos/_candidates/gerritsen-beach/logo-img.webp,https://gbfd.net/wp-content/uploads/2026/09/site-logo-200-lossy.webp,logo-img,200,214,webp
Gerritsen Beach VFD,images/logos/_candidates/gerritsen-beach/logo-img-2.webp,https://gbfd.net/wp-content/uploads/2026/09/gbfd-site-logo-lossless-956x1024.webp,logo-img,956,1024,webp
Gerritsen Beach VFD,images/logos/_candidates/gerritsen-beach/logo-img-3.webp,https://gbfd.net/wp-content/uploads/2026/09/gbfd-site-logo-lossless.webp,logo-img,1638,1754,webp
Gerritsen Beach VFD,images/logos/_candidates/gerritsen-beach/logo-img-4.svg,https://widgets.guidestar.org/prod/v1/pdp/transparency-seal/6905416/svg,logo-img,108,108,svg
Gerritsen Beach VFD,images/logos/_candidates/gerritsen-beach/logo-img-5.png,https://gbfd.net/wp-content/plugins/respondermax-runtime-logo/respondermax-logo.png,logo-img,228,48,png
Gerritsen Beach VFD,images/logos/_candidates/gerritsen-beach/og-image.webp,https://gbfd.net/wp-content/uploads/2026/09/home-bg-2-1600.webp,og-image,1600,1066,webp
Gerritsen Beach VFD,images/logos/_candidates/gerritsen-beach/favicon.png,https://gbfd.net/wp-content/uploads/2022/02/Gerrittsen-Beach-100-Years-150x150.png,favicon,150,150,png
Gerritsen Beach VFD,images/logos/_candidates/gerritsen-beach/favicon-2.png,https://gbfd.net/wp-content/uploads/2022/02/Gerrittsen-Beach-100-Years.png,favicon,1638,1754,png
Gerritsen Beach VFD,images/logos/_candidates/gerritsen-beach/header-svg-1.svg,https://gbfd.net#svg:c97c1d80f273,header-svg-1,512,512,svg
Gerritsen Beach VFD,images/logos/_candidates/gerritsen-beach/header-svg-2.svg,https://gbfd.net#svg:eef3ac6ee9e0,header-svg-2,320,512,svg
Gerritsen Beach VFD,images/logos/_candidates/gerritsen-beach/header-svg-3.svg,https://gbfd.net#svg:a86dbe44082e,header-svg-3,448,512,svg
Gerritsen Beach VFD,images/logos/_candidates/gerritsen-beach/header-svg-4.svg,https://gbfd.net#svg:06aea1d0ea68,header-svg-4,576,512,svg
Gerritsen Beach VFD,images/logos/_candidates/gerritsen-beach/header-svg-5.svg,https://gbfd.net#svg:99433ebb42e3,header-svg-5,320,512,svg
Richmond Engine Co. #1,images/logos/_candidates/richmond-engine/logo-img.png,https://richmondengine.org/wp-content/uploads/2023/04/Richmond-Engine-Co-NYC-patch.png,logo-img,516,516,png
Richmond Engine Co. #1,images/logos/_candidates/richmond-engine/logo-img-2.png,https://richmondengine.org/wp-content/plugins/respondermax-runtime-logo/respondermax-logo.png,logo-img,228,48,png
Richmond Engine Co. #1,images/logos/_candidates/richmond-engine/og-image.png,https://richmondengine.org/wp-content/uploads/2023/04/IMG_9974-1.png,og-image,1125,671,png
Richmond Engine Co. #1,images/logos/_candidates/richmond-engine/favicon.png,https://richmondengine.org/wp-content/uploads/2023/04/Richmond-Engine-Co-NYC-patch-150x150.png,favicon,150,150,png
Richmond Engine Co. #1,images/logos/_candidates/richmond-engine/favicon-2.png,https://richmondengine.org/wp-content/uploads/2023/04/Richmond-Engine-Co-NYC-patch-300x300.png,favicon,300,300,png
Rockaway Point VFD,images/logos/_candidates/rockaway-point/logo-img.png,https://rpfdny.org/wp-content/uploads/2022/02/Rockaway-Point-Patch-267x300.png,logo-img,267,300,png
Rockaway Point VFD,images/logos/_candidates/rockaway-point/logo-img-2.png,https://rpfdny.org/wp-content/plugins/respondermax-runtime-logo/respondermax-logo.png,logo-img,228,48,png
Rockaway Point VFD,images/logos/_candidates/rockaway-point/header-img-1.png,https://rpfdny.org/wp-content/uploads/2022/02/Rockaway-Point-name-1024x140.png,header-img-1,1024,140,png
Rockaway Point VFD,images/logos/_candidates/rockaway-point/og-image.jpg,https://rpfdny.org/wp-content/uploads/2025/05/station7x5-2.jpg,og-image,1175,839,jpg
Rockaway Point VFD,images/logos/_candidates/rockaway-point/favicon.png,https://rpfdny.org/wp-content/uploads/2022/02/Rockaway-Point-Patch-150x150.png,favicon,150,150,png
Rockaway Point VFD,images/logos/_candidates/rockaway-point/favicon-2.png,https://rpfdny.org/wp-content/uploads/2022/02/Rockaway-Point-Patch.png,favicon,422,474,png
Rockaway Point VFD,images/logos/_candidates/rockaway-point/header-svg-1.svg,https://rpfdny.org#svg:e003dc0d9467,header-svg-1,448,512,svg
Rockaway Point VFD,images/logos/_candidates/rockaway-point/header-svg-2.svg,https://rpfdny.org#svg:ecca37b9cd57,header-svg-2,512,512,svg
Rockaway Point VFD,images/logos/_candidates/rockaway-point/header-svg-3.svg,https://rpfdny.org#svg:a86dbe44082e,header-svg-3,448,512,svg
