Name,Address,Latitude,Longitude,Description
Broad Channel VFD & Ambulance Corp.,"15 Noel Road, Broad Channel, NY 11693",40.607926,-73.818419,"Chief: TODO
Key Personnel:
- TODO, TODO
Source: TODO"
Edgewater Park Volunteer Hose Co. #1,"1 Adee Avenue, Bronx, NY 10465",40.870666,-73.838768,"Chief: TODO
Key Personnel:
- TODO, TODO
Source: TODO"
Gerritsen Beach VFD,"52 Seba Avenue, Brooklyn, NY 11229",40.588222,-73.922075,"Chief: TODO
Key Personnel:
- TODO, TODO
Source: TODO"
Point Breeze VFD,"29 Point Breeze Avenue, Breezy Point, NY 11697",40.560093,-73.920191,"Chief: TODO
Key Personnel:
- TODO, TODO
Source: TODO"
Richmond Engine Co. #1,"3664 Richmond Road, Staten Island, NY 10306",40.571959,-74.143529,"Chief: TODO
Key Personnel:
- TODO, TODO
Source: TODO"
Rockaway Point VFD,"204-26 Rockaway Point Boulevard, Breezy Point, NY 11697",40.566658,-73.886303,"Chief: TODO
Key Personnel:
- TODO, TODO
Source: TODO"
Roxbury VFD,"42 State Road, Breezy Point, NY 11697",40.566311,-73.891126,"Chief: TODO
Key Personnel:
- TODO, TODO
Source: TODO"
West Hamilton Beach VFD,"102-33 Davenport Court, Howard Beach, NY 11414",40.653769,-73.828403,"Chief: TODO
Key Personnel:
- TODO, TODO
Source: TODO"
