ein,department,tax_year,program_revenue,form_type
112557794,Broad Channel VFD & Ambulance Corp.,2011,1288,990
112557794,Broad Channel VFD & Ambulance Corp.,2013,0,990
112557794,Broad Channel VFD & Ambulance Corp.,2014,0,990
112557794,Broad Channel VFD & Ambulance Corp.,2015,4240,990
112557794,Broad Channel VFD & Ambulance Corp.,2018,3742,990
112557794,Broad Channel VFD & Ambulance Corp.,2019,0,990
112557794,Broad Channel VFD & Ambulance Corp.,2020,0,990
112557794,Broad Channel VFD & Ambulance Corp.,2021,0,990
112557794,Broad Channel VFD & Ambulance Corp.,2022,0,990
112557794,Broad Channel VFD & Ambulance Corp.,2023,1956,990
136125044,Edgewater Park Volunteer Hose Co. #1,2011,0,990-EZ
136125044,Edgewater Park Volunteer Hose Co. #1,2012,0,990-EZ
136125044,Edgewater Park Volunteer Hose Co. #1,2013,0,990-EZ
136125044,Edgewater Park Volunteer Hose Co. #1,2014,0,990-EZ
136125044,Edgewater Park Volunteer Hose Co. #1,2015,0,990-EZ
136125044,Edgewater Park Volunteer Hose Co. #1,2016,0,990-EZ
136125044,Edgewater Park Volunteer Hose Co. #1,2017,0,990-EZ
136125044,Edgewater Park Volunteer Hose Co. #1,2018,0,990-EZ
136125044,Edgewater Park Volunteer Hose Co. #1,2019,0,990-EZ
136125044,Edgewater Park Volunteer Hose Co. #1,2020,0,990-EZ
136125044,Edgewater Park Volunteer Hose Co. #1,2021,0,990-EZ
136125044,Edgewater Park Volunteer Hose Co. #1,2022,0,990-EZ
136125044,Edgewater Park Volunteer Hose Co. #1,2023,0,990-EZ
116076710,Gerritsen Beach VFD,2010,38276,990
116076710,Gerritsen Beach VFD,2011,34528,990
116076710,Gerritsen Beach VFD,2012,38907,990
116076710,Gerritsen Beach VFD,2013,40594,990
116076710,Gerritsen Beach VFD,2014,22487,990
116076710,Gerritsen Beach VFD,2015,23759,990
116076710,Gerritsen Beach VFD,2016,27683,990
116076710,Gerritsen Beach VFD,2017,51385,990
116076710,Gerritsen Beach VFD,2018,32152,990
116076710,Gerritsen Beach VFD,2019,32622,990
116076710,Gerritsen Beach VFD,2020,50966,990
116076710,Gerritsen Beach VFD,2021,28962,990
116076710,Gerritsen Beach VFD,2022,27763,990
116076710,Gerritsen Beach VFD,2023,46219,990
112452399,Point Breeze VFD,2011,0,990
112452399,Point Breeze VFD,2012,0,990
112452399,Point Breeze VFD,2013,0,990
112452399,Point Breeze VFD,2014,0,990
112452399,Point Breeze VFD,2015,0,990
112452399,Point Breeze VFD,2016,0,990
112452399,Point Breeze VFD,2017,0,990
112452399,Point Breeze VFD,2018,0,990
112452399,Point Breeze VFD,2019,0,990
112452399,Point Breeze VFD,2020,0,990
112452399,Point Breeze VFD,2021,0,990
112452399,Point Breeze VFD,2022,0,990
112452399,Point Breeze VFD,2023,0,990
112665405,Rockaway Point VFD,2011,0,990
112665405,Rockaway Point VFD,2012,0,990
112665405,Rockaway Point VFD,2013,0,990
112665405,Rockaway Point VFD,2014,0,990
112665405,Rockaway Point VFD,2015,0,990
112665405,Rockaway Point VFD,2016,0,990
112665405,Rockaway Point VFD,2017,2369,990
112665405,Rockaway Point VFD,2018,0,990
112665405,Rockaway Point VFD,2019,45246,990-EZ
112665405,Rockaway Point VFD,2020,0,990
112665405,Rockaway Point VFD,2021,0,990-EZ
112665405,Rockaway Point VFD,2022,0,990
112665405,Rockaway Point VFD,2023,0,990-EZ
113084367,Roxbury VFD,2011,0,990-EZ
113084367,Roxbury VFD,2012,0,990-EZ
113084367,Roxbury VFD,2013,0,990-EZ
113084367,Roxbury VFD,2014,0,990
113084367,Roxbury VFD,2015,0,990-EZ
112741267,West Hamilton Beach VFD,2018,0,990
112741267,West Hamilton Beach VFD,2019,0,990
112741267,West Hamilton Beach VFD,2020,0,990
112741267,West Hamilton Beach VFD,2021,0,990
112741267,West Hamilton Beach VFD,2022,0,990
112741267,West Hamilton Beach VFD,2023,0,990
